{"Validation Loss": 3.9687047004699707, "Epoch": 4, "_timestamp": 1713274563.473206, "_runtime": 84.2566249370575, "_step": 4, "_wandb": {"runtime": 108}}