{"0": {"x_min": {"73": 917.166805599032, "3": 561.3905986876052, "1": 1284.2376666204982}, "y_min": {"73": 124.78573891041832, "3": 82.05484241654784, "1": 360.69600160918725}, "x_max": {"73": 1012.6717132658401, "3": 661.0217076071979, "1": 1521.5958237253576}, "y_max": {"73": 202.31188579889732, "3": 166.23156784408923, "1": 538.2878793092228}}}