{
  "default": {
    "mIoU": 0.22366706315533585,
    "mAP": 0.33851085205179576,
    "precision": 0.4408139693922137,
    "recall": 0.3905958439355386,
    "f1_score": 0.377335697946385
  },
  "adaptative": {
    "mIoU": 0.6998728448531938,
    "mAP": 0.5867096537898064,
    "precision": 0.772996183206107,
    "recall": 0.594529262086514,
    "f1_score": 0.6454425663395129
  },
  "hsv": {
    "mIoU": 0.13467130367700897,
    "mAP": 0.2193752040641456,
    "precision": 0.226253415747853,
    "recall": 0.507856234096692,
    "f1_score": 0.2899821125604278
  },
  "lab": {
    "mIoU": 0.2164711754858039,
    "mAP": 0.41381752532429145,
    "precision": 0.4717883008408379,
    "recall": 0.5258905852417303,
    "f1_score": 0.4493233476738841
  },
  "rgb": {
    "mIoU": 0.22131918854325147,
    "mAP": 0.4065744082876283,
    "precision": 0.45209689942514375,
    "recall": 0.5337998303647159,
    "f1_score": 0.4446860527491776
  },
  "YCrCb": {
    "mIoU": 0.21181671408197697,
    "mAP": 0.4061505228944099,
    "precision": 0.4671798726486411,
    "recall": 0.511535199321459,
    "f1_score": 0.44324647223508995
  },
  "yuv": {
    "mIoU": 0.6605368235722379,
    "mAP": 0.6827685249440975,
    "precision": 0.8326653944020355,
    "recall": 0.717005937234945,
    "f1_score": 0.7460055847460427
  },
  "2_hsv": {
    "mIoU": 0.34208088933559117,
    "mAP": 0.47394269810560574,
    "precision": 0.5243040639033005,
    "recall": 0.7401187446988974,
    "f1_score": 0.5676857528956766
  },
  "2_lab": {
    "mIoU": 0.6486565632837173,
    "mAP": 0.6813874844409195,
    "precision": 0.8235641584878225,
    "recall": 0.7205364715860899,
    "f1_score": 0.7450390223290987
  },
  "2_rgb": {
    "mIoU": 0.6499677471376917,
    "mAP": 0.6837121212121212,
    "precision": 0.8261185326547922,
    "recall": 0.7200275657336725,
    "f1_score": 0.7457469234186791
  },
  "2_YCrCb": {
    "mIoU": 0.6599604991689841,
    "mAP": 0.681852879944483,
    "precision": 0.831923240033927,
    "recall": 0.7150975402883799,
    "f1_score": 0.7451725543328596
  }
}