{
    "adaptative_a1_r0.2": {
        "mIoU": 0.01965649551288167,
        "mAP": 0.00433673428121728,
        "precision": 0.002414569539625669,
        "recall": 0.007315521628498726,
        "f1_score": 0.002966205464698836
    },
    "adaptative_a1_r0.3": {
        "mIoU": 0.013619358906674433,
        "mAP": 0.0016288842624720488,
        "precision": 0.0007439214023183488,
        "recall": 0.0022264631043256997,
        "f1_score": 0.0011051995784820213
    },
    "adaptative_a1_r0.4": {
        "mIoU": 0.013433307165521338,
        "mAP": 0.0,
        "precision": 0.0,
        "recall": 0.0,
        "f1_score": 0.0
    },
    "adaptative_a1_r0.5": {
        "mIoU": 0.010129505211297598,
        "mAP": 0.0,
        "precision": 0.0,
        "recall": 0.0,
        "f1_score": 0.0
    },
    "adaptative_a1_r0.6": {
        "mIoU": 0.012929580090757245,
        "mAP": 0.0,
        "precision": 0.0,
        "recall": 0.0,
        "f1_score": 0.0
    },
    "adaptative_a1_r0.7": {
        "mIoU": 0.01799765549537087,
        "mAP": 0.0,
        "precision": 0.0,
        "recall": 0.0,
        "f1_score": 0.0
    },
    "adaptative_a1_r0.8": {
        "mIoU": 0.024099660548609698,
        "mAP": 0.0,
        "precision": 0.0,
        "recall": 0.0,
        "f1_score": 0.0
    },
    "adaptative_a1_r0.9": {
        "mIoU": 0.023828313418301134,
        "mAP": 0.0,
        "precision": 0.0,
        "recall": 0.0,
        "f1_score": 0.0
    },
    "adaptative_a1_r1": {
        "mIoU": 0.03791470213481442,
        "mAP": 0.0,
        "precision": 0.0,
        "recall": 0.0,
        "f1_score": 0.0
    },
    "adaptative_a2_r0.2": {
        "mIoU": 0.2378391515253577,
        "mAP": 0.281153111448913,
        "precision": 0.33558017672717944,
        "recall": 0.39972434266327395,
        "f1_score": 0.3312506925046215
    },
    "adaptative_a2_r0.3": {
        "mIoU": 0.22917308778482032,
        "mAP": 0.24955250432349668,
        "precision": 0.2950477604103558,
        "recall": 0.35351993214588634,
        "f1_score": 0.29285360878872324
    },
    "adaptative_a2_r0.4": {
        "mIoU": 0.18755410452283033,
        "mAP": 0.2092532238047505,
        "precision": 0.2514015105618159,
        "recall": 0.3222116200169635,
        "f1_score": 0.2550206720054048
    },
    "adaptative_a2_r0.5": {
        "mIoU": 0.14106121858674292,
        "mAP": 0.17865293585279704,
        "precision": 0.20531040383139618,
        "recall": 0.28017387616624256,
        "f1_score": 0.2148993870845016
    },
    "adaptative_a2_r0.6": {
        "mIoU": 0.1242114005902407,
        "mAP": 0.14346426827342856,
        "precision": 0.16698450333946516,
        "recall": 0.23912213740458013,
        "f1_score": 0.17921430774484207
    },
    "adaptative_a2_r0.7": {
        "mIoU": 0.09775510597299689,
        "mAP": 0.11768847911283718,
        "precision": 0.13848466524993241,
        "recall": 0.20108142493638678,
        "f1_score": 0.14922015007892872
    },
    "adaptative_a2_r0.8": {
        "mIoU": 0.08179354450335083,
        "mAP": 0.09471184032252734,
        "precision": 0.11506396663839412,
        "recall": 0.17610262934690415,
        "f1_score": 0.1273855562023501
    },
    "adaptative_a2_r0.9": {
        "mIoU": 0.04829791282450843,
        "mAP": 0.048023174489170324,
        "precision": 0.05668911506220666,
        "recall": 0.11323155216284987,
        "f1_score": 0.0665879061815299
    },
    "adaptative_a2_r1": {
        "mIoU": 0.022881088220645735,
        "mAP": 0.01189760197393785,
        "precision": 0.016173939504092176,
        "recall": 0.02656912637828668,
        "f1_score": 0.018883170123628137
    },
    "adaptative_a3_r0.2": {
        "mIoU": 0.5808220283616524,
        "mAP": 0.579832677924281,
        "precision": 0.7424292681449169,
        "recall": 0.6032760814249364,
        "f1_score": 0.6335136167197236
    },
    "adaptative_a3_r0.3": {
        "mIoU": 0.559628991761949,
        "mAP": 0.5640604518467114,
        "precision": 0.718671998061311,
        "recall": 0.5881467345207803,
        "f1_score": 0.6186281205365175
    },
    "adaptative_a3_r0.4": {
        "mIoU": 0.4953880678408891,
        "mAP": 0.5464550080962295,
        "precision": 0.6866912031988367,
        "recall": 0.5745122985581,
        "f1_score": 0.59820756180489
    },
    "adaptative_a3_r0.5": {
        "mIoU": 0.430933378574735,
        "mAP": 0.4744747089212738,
        "precision": 0.58562189506846,
        "recall": 0.5514418999151823,
        "f1_score": 0.5337058792211463
    },
    "adaptative_a3_r0.6": {
        "mIoU": 0.3774105468875359,
        "mAP": 0.439952758225659,
        "precision": 0.5110421967769296,
        "recall": 0.5239079728583544,
        "f1_score": 0.4859823700472556
    },
    "adaptative_a3_r0.7": {
        "mIoU": 0.28074272910729736,
        "mAP": 0.3917671810801581,
        "precision": 0.45331470374409305,
        "recall": 0.5065415606446141,
        "f1_score": 0.4331854991206136
    },
    "adaptative_a3_r0.8": {
        "mIoU": 0.29032392372757965,
        "mAP": 0.36297592886333346,
        "precision": 0.4225253948059291,
        "recall": 0.4774173027989822,
        "f1_score": 0.40977514145453076
    },
    "adaptative_a3_r0.9": {
        "mIoU": 0.2025502873501856,
        "mAP": 0.29518664262331856,
        "precision": 0.34083873081964683,
        "recall": 0.3919847328244274,
        "f1_score": 0.3322413556192182
    },
    "adaptative_a3_r1": {
        "mIoU": 0.10052066619615911,
        "mAP": 0.13164613694193847,
        "precision": 0.1522915909366291,
        "recall": 0.2299088210347752,
        "f1_score": 0.1662680971841277
    },
    "adaptative_a4_r0.2": {
        "mIoU": 0.7147413183484226,
        "mAP": 0.5814249363867684,
        "precision": 0.7710983884648006,
        "recall": 0.5837786259541985,
        "f1_score": 0.6402141645462257
    },
    "adaptative_a4_r0.3": {
        "mIoU": 0.7122035397131783,
        "mAP": 0.587111573752795,
        "precision": 0.7748621713316369,
        "recall": 0.592663273960984,
        "f1_score": 0.6469632254937598
    },
    "adaptative_a4_r0.4": {
        "mIoU": 0.6435793074032011,
        "mAP": 0.5740911018582775,
        "precision": 0.7560591603053436,
        "recall": 0.5867684478371501,
        "f1_score": 0.6335513581696788
    },
    "adaptative_a4_r0.5": {
        "mIoU": 0.6631867435839256,
        "mAP": 0.5637096152363328,
        "precision": 0.7504770992366412,
        "recall": 0.5721162001696353,
        "f1_score": 0.6253985235855464
    },
    "adaptative_a4_r0.6": {
        "mIoU": 0.6075605314700363,
        "mAP": 0.5570398642917725,
        "precision": 0.7337362171331637,
        "recall": 0.5652777777777779,
        "f1_score": 0.6169897814935982
    },
    "adaptative_a4_r0.7": {
        "mIoU": 0.5521926118166701,
        "mAP": 0.5244188063844551,
        "precision": 0.6840966921119593,
        "recall": 0.565648854961832,
        "f1_score": 0.5935094768110035
    },
    "adaptative_a4_r0.8": {
        "mIoU": 0.511878970452653,
        "mAP": 0.494920579844244,
        "precision": 0.6303859202714164,
        "recall": 0.5509117896522476,
        "f1_score": 0.5603497718001533
    },
    "adaptative_a4_r0.9": {
        "mIoU": 0.4124179631841959,
        "mAP": 0.46985044923976216,
        "precision": 0.5838437537865018,
        "recall": 0.5386344359626802,
        "f1_score": 0.525438729350943
    },
    "adaptative_a4_r1": {
        "mIoU": 0.2912679543178058,
        "mAP": 0.3463836841699437,
        "precision": 0.42154216648491455,
        "recall": 0.4115776081424936,
        "f1_score": 0.3951069216336392
    },
    "adaptative_a5_r0.2": {
        "mIoU": 0.7633303934477114,
        "mAP": 0.5405100624566274,
        "precision": 0.7387616624257846,
        "recall": 0.5359626802374894,
        "f1_score": 0.5981839936992609
    },
    "adaptative_a5_r0.3": {
        "mIoU": 0.7616489660679824,