{
    "default_alpha_3.5": {
        "mIoU": 0.2108830633869655,
        "mAP": 0.33927258774587016,
        "precision": 0.41978215274971,
        "recall": 0.3968299406276506,
        "f1_score": 0.37166913303812715
    },
    "default_alpha_4": {
        "mIoU": 0.22458535228793314,
        "mAP": 0.3393204441868564,
        "precision": 0.44253604749787956,
        "recall": 0.3895674300254453,
        "f1_score": 0.3769997090130678
    },
    "default_alpha_5": {
        "mIoU": 0.2526486583340831,
        "mAP": 0.3181337181337181,
        "precision": 0.45712771113534467,
        "recall": 0.35930873621713316,
        "f1_score": 0.36293872935094307
    },
    "default_alpha_7": {
        "mIoU": 0.4554880917283984,
        "mAP": 0.2967887710254122,
        "precision": 0.4501923542954077,
        "recall": 0.30512086513994907,
        "f1_score": 0.33322665107016247
    },
    "default_alpha_11": {
        "mIoU": 0.5161514576217104,
        "mAP": 0.15726925746009712,
        "precision": 0.27097116200169635,
        "recall": 0.15613867684478372,
        "f1_score": 0.18535229613473886
    },
    "default_alpha_15": {
        "mIoU": 0.39411858082207807,
        "mAP": 0.06904445215513917,
        "precision": 0.12097116200169636,
        "recall": 0.07283715012722647,
        "f1_score": 0.08456167454259056
    }
}