{"Validation Loss": 3.945681571960449, "Epoch": 0, "_timestamp": 1713265581.24937, "_runtime": 10.537190198898315, "_step": 0}