{"Validation Loss": 3.9480395317077637, "_timestamp": 1713263147.1951883, "_runtime": 79.39477634429932, "_step": 3}